missingprop_autocor,Estimate,Est.Error,Q2.5,Q97.5,date,GPP,missingness,type,run_no
y,0.9764041648662539,0.6269076977748863,-0.25077466447145935,2.208510712900777,2016-11-30T00:00:00Z,0.0210691950931066,MAR,brms,1
y,0.9496911952014033,0.789784610709248,-0.596431179974696,2.500493117279624,2016-12-01T00:00:00Z,0.378646182477892,MAR,brms,1
y,1.0640570883903009,0.8767875486213174,-0.6305750530028271,2.7684249341219695,2016-12-02T00:00:00Z,0.704274591016821,MAR,brms,1
y,1.1839928176499468,0.9274293087610472,-0.6095890278240486,2.9894528348452387,2016-12-03T00:00:00Z,0.465486802605711,MAR,brms,1
y,1.2824238106970192,0.945462110883122,-0.6124121196249396,3.140504702957523,2016-12-04T00:00:00Z,0.399462914168786,MAR,brms,1
y,1.486667896852196,0.9710416963185021,-0.43487938690706374,3.4029445682246013,2016-12-05T00:00:00Z,0.707736309903312,MAR,brms,1
y,1.436148943468622,0.9746105534745673,-0.5025356090895722,3.365983973443647,2016-12-06T00:00:00Z,0.676981656015052,MAR,brms,1
y,1.4369248145560938,0.9719889633187424,-0.48174972327700766,3.36094372380057,2016-12-07T00:00:00Z,0.651421657701972,MAR,brms,1
y,1.255830921724056,0.9799867057044894,-0.673399609144953,3.1809497218527287,2016-12-08T00:00:00Z,0.452620201394598,MAR,brms,1
y,1.2998083965203822,0.9854936404265587,-0.6537855593273109,3.1997062024806695,2016-12-09T00:00:00Z,0.713630219522972,MAR,brms,1
y,1.385061713314411,0.9827326197036598,-0.5411689993477152,3.3147699001029824,2016-12-10T00:00:00Z,0.685235312064148,MAR,brms,1
y,1.3442445669772893,0.9979012164684681,-0.6370259116859631,3.306312661880418,2016-12-11T00:00:00Z,0.399202048988361,MAR,brms,1
y,1.348331524919095,0.9864535315236116,-0.5748560124967046,3.308147418382637,2016-12-12T00:00:00Z,0.450831021651176,MAR,brms,1
y,1.5545788258761037,0.9963009803952851,-0.35194509850199057,3.504481607246635,2016-12-13T00:00:00Z,0.653991463731387,MAR,brms,1
y,1.4652120435914762,0.9912594078021825,-0.5157715110695327,3.405892922594348,2016-12-14T00:00:00Z,0.589519727153451,MAR,brms,1
y,1.5890485637220684,0.9907383777253473,-0.36364954853321807,3.520567721370136,2016-12-15T00:00:00Z,0.403866696016504,MAR,brms,1
y,1.3167469908563287,1.001484868141423,-0.6572449019873441,3.292445854701829,2016-12-16T00:00:00Z,0.269401760261086,MAR,brms,1
y,1.290254474782555,0.9995759308043292,-0.6726943722684271,3.277488457281942,2016-12-17T00:00:00Z,0.316764261250687,MAR,brms,1
y,1.517359900964313,1.0023444420434695,-0.4253633612596248,3.5065991093210096,2016-12-18T00:00:00Z,0.503715978970523,MAR,brms,1
y,1.5735059315714652,0.9996076204436403,-0.4051108162162979,3.526852235642823,2016-12-19T00:00:00Z,0.391838911292807,MAR,brms,1
y,1.5579834125011962,0.995876382512435,-0.4233730302363699,3.5062973418907983,2016-12-20T00:00:00Z,0.364620582783133,MAR,brms,1
y,1.5212690299025176,0.9948637231252626,-0.4514124447515289,3.4883224473906695,2016-12-21T00:00:00Z,0.584347525364993,MAR,brms,1
y,1.5735028174453873,0.9940338269409635,-0.3701686439891264,3.5413813014800155,2016-12-22T00:00:00Z,0.523494209635502,MAR,brms,1
y,1.5096220474968134,1.0031187930093692,-0.44624901651866516,3.4839799679601757,2016-12-23T00:00:00Z,0.590600885709447,MAR,brms,1
y,1.5492386600323427,0.9980250159679909,-0.47615825634097614,3.506327564633453,2016-12-24T00:00:00Z,0.352856725125781,MAR,brms,1
y,1.5564616114664607,1.0016481614342225,-0.3984659397903455,3.524717774643633,2016-12-25T00:00:00Z,0.638796268228445,MAR,brms,1
y,1.3961972726227572,1.0076983211976205,-0.6078516270037096,3.3419620437795645,2016-12-26T00:00:00Z,0.382867072316656,MAR,brms,1
y,0.9093502341487133,1.0030455712663184,-1.0638159660950721,2.883125626029698,2016-12-27T00:00:00Z,0.0373816518772108,MAR,brms,1
y,1.1205086502986985,1.0064585229140088,-0.8432518755744806,3.107665415751488,2016-12-28T00:00:00Z,0.380477405644794,MAR,brms,1
y,1.234272976442359,1.004616420722259,-0.7790350457927444,3.1965351652452565,2016-12-29T00:00:00Z,0.0899376035704571,MAR,brms,1
y,1.3301106534183202,1.0002174686538425,-0.6635948244832315,3.2821212096007755,2016-12-30T00:00:00Z,0.459958607719185,MAR,brms,1
y,NA,NA,NA,NA,2016-12-31T00:00:00Z,NA,MAR,brms,1
propMissAct_0.04,0.9183255905817989,0.6070326988673187,-0.252389499146772,2.1182742088072426,2016-11-30T00:00:00Z,0.0210691950931066,MAR,brms,1
propMissAct_0.04,0.8901115126486984,0.7493278138558636,-0.5673797634938784,2.388680787985441,2016-12-01T00:00:00Z,0.378646182477892,MAR,brms,1
propMissAct_0.04,1.0164024974751056,0.8264707820591728,-0.5782357017980595,2.641147475715727,2016-12-02T00:00:00Z,0.704274591016821,MAR,brms,1
propMissAct_0.04,1.1583956303806846,0.8564166762846833,-0.5409918023783284,2.8060798912162737,2016-12-03T00:00:00Z,0.465486802605711,MAR,brms,1
propMissAct_0.04,1.237470652309877,0.8991426576259873,-0.5147707708797862,3.0198131796377923,2016-12-04T00:00:00Z,0.399462914168786,MAR,brms,1
propMissAct_0.04,1.4646822916583977,0.8994965276215515,-0.3203296774208998,3.295023321169494,2016-12-05T00:00:00Z,0.707736309903312,MAR,brms,1
propMissAct_0.04,1.4134193022209924,0.9146434972333238,-0.42598593956017844,3.2189436715406785,2016-12-06T00:00:00Z,0.676981656015052,MAR,brms,1
propMissAct_0.04,1.3902465567624618,0.9154388475376671,-0.4525800274608163,3.1867975731337403,2016-12-07T00:00:00Z,0.651421657701972,MAR,brms,1
propMissAct_0.04,1.2130889087366157,0.9446014492696573,-0.622406703099019,3.0559920381410146,2016-12-08T00:00:00Z,0.452620201394598,MAR,brms,1
propMissAct_0.04,1.2613820486123022,0.9352624841104624,-0.609374963729185,3.124587720642835,2016-12-09T00:00:00Z,0.713630219522972,MAR,brms,1
propMissAct_0.04,1.3310723894198135,0.934186270855951,-0.5221737671766922,3.1773704846426685,2016-12-10T00:00:00Z,0.685235312064148,MAR,brms,1
propMissAct_0.04,1.2943765402068717,0.9415211609733316,-0.5345404672628655,3.1355042018449284,2016-12-11T00:00:00Z,0.399202048988361,MAR,brms,1
propMissAct_0.04,1.2729936821624652,0.9425038934370564,-0.5620041039248912,3.122643865665433,2016-12-12T00:00:00Z,0.450831021651176,MAR,brms,1
propMissAct_0.04,1.5015629496560907,0.9354635846659003,-0.3102415802057064,3.348434243096974,2016-12-13T00:00:00Z,0.653991463731387,MAR,brms,1
propMissAct_0.04,1.4270076652041261,0.9402138334972553,-0.44012489960969653,3.2683884009531137,2016-12-14T00:00:00Z,0.589519727153451,MAR,brms,1
propMissAct_0.04,1.5528104113597556,0.9322736709196321,-0.28553348474830303,3.3925599442586005,2016-12-15T00:00:00Z,0.403866696016504,MAR,brms,1
propMissAct_0.04,1.2565385830674545,0.9317406643755487,-0.5748910262095641,3.0888959109938092,2016-12-16T00:00:00Z,0.269401760261086,MAR,brms,1
propMissAct_0.04,1.2370441429095136,0.9449293374088618,-0.6143718613254745,3.1198637937779017,2016-12-17T00:00:00Z,0.316764261250687,MAR,brms,1
propMissAct_0.04,1.4871760895010748,0.9373415157530628,-0.35619752189261056,3.3244048080900535,2016-12-18T00:00:00Z,0.503715978970523,MAR,brms,1
propMissAct_0.04,1.5350395835539479,0.9412883365616407,-0.297032068299957,3.4169797954537673,2016-12-19T00:00:00Z,0.391838911292807,MAR,brms,1
propMissAct_0.04,1.4936988890616714,0.9417715070898828,-0.34999180102973976,3.3359408784210753,2016-12-20T00:00:00Z,0.364620582783133,MAR,brms,1
propMissAct_0.04,1.4576392194069259,0.9572597585452837,-0.43811476847088415,3.335235481178463,2016-12-21T00:00:00Z,0.584347525364993,MAR,brms,1
propMissAct_0.04,1.5251093568271912,0.9444866851231741,-0.31489081423934956,3.3574786605487064,2016-12-22T00:00:00Z,0.523494209635502,MAR,brms,1
propMissAct_0.04,1.4857808163524915,0.9404714050596975,-0.31960689707777706,3.3733663918425485,2016-12-23T00:00:00Z,0.590600885709447,MAR,brms,1
propMissAct_0.04,1.5178392733792163,0.9599235074292891,-0.38371715335266954,3.4452431378084984,2016-12-24T00:00:00Z,0.352856725125781,MAR,brms,1
propMissAct_0.04,1.5178658324715966,0.9457250910352126,-0.33577585189533077,3.3725382143529696,2016-12-25T00:00:00Z,0.638796268228445,MAR,brms,1
propMissAct_0.04,1.353062436410025,0.9317396426004367,-0.4575351225374032,3.197131448696687,2016-12-26T00:00:00Z,0.382867072316656,MAR,brms,1
propMissAct_0.04,0.8637217151489223,0.9371834266909297,-0.9711472007625059,2.7215819544737365,2016-12-27T00:00:00Z,0.0373816518772108,MAR,brms,1
propMissAct_0.04,1.0784318868860467,0.9381462695756062,-0.7466731633572893,2.970842954545754,2016-12-28T00:00:00Z,0.380477405644794,MAR,brms,1
propMissAct_0.04,1.213265323530537,0.9291241375777258,-0.631590062036706,3.059340766999018,2016-12-29T00:00:00Z,0.0899376035704571,MAR,brms,1
propMissAct_0.04,1.2914738621942898,0.931822068475437,-0.5444004936077046,3.1237742397032613,2016-12-30T00:00:00Z,0.459958607719185,MAR,brms,1
propMissAct_0.04,NA,NA,NA,NA,2016-12-31T00:00:00Z,NA,MAR,brms,1
propMissAct_0.09,0.9469869701318008,0.5803861929739368,-0.1812112553626674,2.0731473645538956,2016-11-30T00:00:00Z,0.0210691950931066,MAR,brms,1
propMissAct_0.09,0.9391449936983206,0.716053161818191,-0.4657769261110385,2.336828351725914,2016-12-01T00:00:00Z,0.378646182477892,MAR,brms,1
propMissAct_0.09,1.037252796468725,0.7975636367465643,-0.5269497459988456,2.6302646387761075,2016-12-02T00:00:00Z,0.704274591016821,MAR,brms,1
propMissAct_0.09,1.1759710206855347,0.8462980264937069,-0.4872475591596552,2.8462868305681557,2016-12-03T00:00:00Z,0.465486802605711,MAR,brms,1
propMissAct_0.09,1.2453506124227294,0.8718734888939225,-0.47468723391005385,2.954001912412732,2016-12-04T00:00:00Z,0.399462914168786,MAR,brms,1
propMissAct_0.09,1.454736275736103,0.8854664929138454,-0.2947426087724748,3.2288463624500072,2016-12-05T00:00:00Z,0.707736309903312,MAR,brms,1
propMissAct_0.09,1.400156297226747,0.8988967536767096,-0.361277121373295,3.146998085013674,2016-12-06T00:00:00Z,0.676981656015052,MAR,brms,1
propMissAct_0.09,1.3934385089454229,0.9118173607595053,-0.4033320175263632,3.1919100654782855,2016-12-07T00:00:00Z,0.651421657701972,MAR,brms,1
propMissAct_0.09,1.2379954598146696,0.9284572492831678,-0.6262527442213454,3.0433597809590274,2016-12-08T00:00:00Z,0.452620201394598,MAR,brms,1
propMissAct_0.09,1.2837044975859997,0.9227601919431436,-0.530640426489924,3.0982335200594617,2016-12-09T00:00:00Z,0.713630219522972,MAR,brms,1
propMissAct_0.09,1.3627071767785501,0.9155102847357858,-0.41751955891002057,3.1799721905140252,2016-12-10T00:00:00Z,0.685235312064148,MAR,brms,1
propMissAct_0.09,1.3353663028031268,0.9111145380942457,-0.44894191647042037,3.13406958648597,2016-12-11T00:00:00Z,0.399202048988361,MAR,brms,1
propMissAct_0.09,1.297941638027233,0.9177925215444255,-0.5182779008352315,3.086465481613874,2016-12-12T00:00:00Z,0.450831021651176,MAR,brms,1
propMissAct_0.09,1.4910536655920168,0.9124513818523795,-0.2908790501016464,3.305763389769917,2016-12-13T00:00:00Z,0.653991463731387,MAR,brms,1
propMissAct_0.09,1.4298991418357228,0.9182968447537979,-0.33761933024124735,3.2721010956641297,2016-12-14T00:00:00Z,0.589519727153451,MAR,brms,1
propMissAct_0.09,1.553739655059112,0.9239781742658281,-0.30504143487300545,3.378035682592542,2016-12-15T00:00:00Z,0.403866696016504,MAR,brms,1
propMissAct_0.09,1.263913739329181,0.913256160660976,-0.557902067478289,3.06551515203106,2016-12-16T00:00:00Z,0.269401760261086,MAR,brms,1
propMissAct_0.09,1.2333513273683727,0.918109933788606,-0.5825220154453179,3.05532942727347,2016-12-17T00:00:00Z,0.316764261250687,MAR,brms,1
propMissAct_0.09,1.4568823644038498,0.9135326127408093,-0.34216479687625817,3.2686740026886385,2016-12-18T00:00:00Z,0.503715978970523,MAR,brms,1
propMissAct_0.09,1.5008880322907339,0.9206147706719308,-0.3312975042053141,3.292961145712141,2016-12-19T00:00:00Z,0.391838911292807,MAR,brms,1
propMissAct_0.09,1.4771502834576684,0.9258180400540093,-0.3254203093575791,3.267295111914009,2016-12-20T00:00:00Z,0.364620582783133,MAR,brms,1
propMissAct_0.09,1.4522404333058372,0.9179666027478672,-0.404048656208177,3.256951713938395,2016-12-21T00:00:00Z,0.584347525364993,MAR,brms,1
propMissAct_0.09,1.4976545952801281,0.9184252735618532,-0.29766148697082273,3.2786918739962436,2016-12-22T00:00:00Z,0.523494209635502,MAR,brms,1
propMissAct_0.09,1.4617227819629122,0.920969194536081,-0.3657376295575032,3.2131291589612268,2016-12-23T00:00:00Z,0.590600885709447,MAR,brms,1
propMissAct_0.09,1.5021015437901153,0.9290609797768794,-0.3493705434892897,3.3370815134290757,2016-12-24T00:00:00Z,0.352856725125781,MAR,brms,1
propMissAct_0.09,1.491937199430509,0.9245996994777803,-0.3195607437825041,3.2978479436337733,2016-12-25T00:00:00Z,0.638796268228445,MAR,brms,1
propMissAct_0.09,1.336600575846281,0.9117884664917218,-0.4595446159272962,3.1401846816282193,2016-12-26T00:00:00Z,0.382867072316656,MAR,brms,1
propMissAct_0.09,0.8812035177594338,0.9053765442068115,-0.8600435075578552,2.6567177974690956,2016-12-27T00:00:00Z,0.0373816518772108,MAR,brms,1
propMissAct_0.09,1.0872433664293162,0.9072881411591722,-0.6720610105853206,2.8879362592875224,2016-12-28T00:00:00Z,0.380477405644794,MAR,brms,1
propMissAct_0.09,1.2030831840382217,0.9244839023587365,-0.6151874331288287,3.0075134824778615,2016-12-29T00:00:00Z,0.0899376035704571,MAR,brms,1
propMissAct_0.09,1.2977947097582039,0.9144296931984583,-0.5003796963689423,3.140189840578328,2016-12-30T00:00:00Z,0.459958607719185,MAR,brms,1
propMissAct_0.09,NA,NA,NA,NA,2016-12-31T00:00:00Z,NA,MAR,brms,1
propMissAct_0.12,0.9659827018731123,0.5436897600781774,-0.10813779722775206,2.0132772703144743,2016-11-30T00:00:00Z,0.0210691950931066,MAR,brms,1
propMissAct_0.12,0.9653701033666239,0.6832187271645677,-0.3381330293403565,2.3075971920101654,2016-12-01T00:00:00Z,0.378646182477892,MAR,brms,1
propMissAct_0.12,1.0671818367167343,0.7701685234491905,-0.4394152934271682,2.5752617818336523,2016-12-02T00:00:00Z,0.704274591016821,MAR,brms,1
propMissAct_0.12,1.1682357667414152,0.8248353110527591,-0.4152984773782699,2.780697238241893,2016-12-03T00:00:00Z,0.465486802605711,MAR,brms,1
propMissAct_0.12,1.2315133589469016,0.8626311262460088,-0.49275232047409323,2.902126226500988,2016-12-04T00:00:00Z,0.399462914168786,MAR,brms,1
propMissAct_0.12,1.3902818138212392,0.889625105547454,-0.33231482909496907,3.136821170151104,2016-12-05T00:00:00Z,0.707736309903312,MAR,brms,1
propMissAct_0.12,1.3713254479227575,0.8990999761047312,-0.4258654182291872,3.1460697086622638,2016-12-06T00:00:00Z,0.676981656015052,MAR,brms,1
propMissAct_0.12,1.3613294318116196,0.9170265715765088,-0.43481233347704945,3.1658478891656867,2016-12-07T00:00:00Z,0.651421657701972,MAR,brms,1
propMissAct_0.12,1.2354613671840315,0.9075215415685064,-0.6128415465601856,2.9968109550044755,2016-12-08T00:00:00Z,0.452620201394598,MAR,brms,1
propMissAct_0.12,1.2735304423157452,0.9089024482382801,-0.5157328997996141,3.029584539198221,2016-12-09T00:00:00Z,0.713630219522972,MAR,brms,1
propMissAct_0.12,1.339325815175179,0.9167929865648645,-0.45221389675017987,3.162801994071869,2016-12-10T00:00:00Z,0.685235312064148,MAR,brms,1
propMissAct_0.12,1.3165108598038158,0.9261378720077165,-0.5131124599231024,3.138178305102812,2016-12-11T00:00:00Z,0.399202048988361,MAR,brms,1
propMissAct_0.12,1.304212771229649,0.9352408294044717,-0.5229507776701903,3.120224991819738,2016-12-12T00:00:00Z,0.450831021651176,MAR,brms,1
propMissAct_0.12,1.4810394193740615,0.9303686312219007,-0.32206521438670654,3.305495905639339,2016-12-13T00:00:00Z,0.653991463731387,MAR,brms,1
propMissAct_0.12,1.4124238797421675,0.9454604936537258,-0.47658595199921455,3.2519778657097453,2016-12-14T00:00:00Z,0.589519727153451,MAR,brms,1
propMissAct_0.12,1.5125031888269271,0.9360146609879662,-0.34920047093289047,3.3124189244476723,2016-12-15T00:00:00Z,0.403866696016504,MAR,brms,1
propMissAct_0.12,1.2673275579986465,0.9316882303270604,-0.5632367684249958,3.061705361568672,2016-12-16T00:00:00Z,0.269401760261086,MAR,brms,1
propMissAct_0.12,1.2484737577284493,0.9328789304284147,-0.5843350180600104,3.1407992703396324,2016-12-17T00:00:00Z,0.316764261250687,MAR,brms,1
propMissAct_0.12,1.4432578474477353,0.922535171432386,-0.37196946635587735,3.2752336619056135,2016-12-18T00:00:00Z,0.503715978970523,MAR,brms,1
propMissAct_0.12,1.4936685020306386,0.924847941328663,-0.3277139014340775,3.3632480308305563,2016-12-19T00:00:00Z,0.391838911292807,MAR,brms,1
propMissAct_0.12,1.4673802319191398,0.9202109925199274,-0.3643684029065195,3.2665347446820783,2016-12-20T00:00:00Z,0.364620582783133,MAR,brms,1
propMissAct_0.12,1.4400504919597146,0.9207015274924486,-0.3778626758249822,3.2566635369223462,2016-12-21T00:00:00Z,0.584347525364993,MAR,brms,1
propMissAct_0.12,1.4859798958364097,0.9305782779612424,-0.3454012706616982,3.312310210531131,2016-12-22T00:00:00Z,0.523494209635502,MAR,brms,1
propMissAct_0.12,1.4449910991960329,0.9311163991086283,-0.3992942006945764,3.265741772656804,2016-12-23T00:00:00Z,0.590600885709447,MAR,brms,1
propMissAct_0.12,1.4664050616994144,0.9166145702356161,-0.3383700780413708,3.2738792675699004,2016-12-24T00:00:00Z,0.352856725125781,MAR,brms,1
propMissAct_0.12,1.4641578562081468,0.92141328857082,-0.36514037899227747,3.2845225819404433,2016-12-25T00:00:00Z,0.638796268228445,MAR,brms,1
propMissAct_0.12,1.3303578808473644,0.9250963147068426,-0.4936551683427317,3.1166876896463975,2016-12-26T00:00:00Z,0.382867072316656,MAR,brms,1
propMissAct_0.12,0.9229874091046939,0.9188431083066594,-0.8761328366429957,2.7196204704969262,2016-12-27T00:00:00Z,0.0373816518772108,MAR,brms,1
propMissAct_0.12,1.0999129288625997,0.9144337535553739,-0.6899917570592929,2.865130758257756,2016-12-28T00:00:00Z,0.380477405644794,MAR,brms,1
propMissAct_0.12,1.1930939006782393,0.9228440169122292,-0.6337008742685578,2.9847356341023588,2016-12-29T00:00:00Z,0.0899376035704571,MAR,brms,1
propMissAct_0.12,1.2542455905871641,0.9313917063502726,-0.5971107139098697,3.0876324034712033,2016-12-30T00:00:00Z,0.459958607719185,MAR,brms,1
propMissAct_0.12,NA,NA,NA,NA,2016-12-31T00:00:00Z,NA,MAR,brms,1
propMissAct_0.17,0.9580698897995196,0.49747164669401195,-0.015571217173414796,1.9279649829310328,2016-11-30T00:00:00Z,0.0210691950931066,MAR,brms,1
propMissAct_0.17,0.9499569422183001,0.6427734607987272,-0.3034585957167808,2.2250966561530494,2016-12-01T00:00:00Z,0.378646182477892,MAR,brms,1
propMissAct_0.17,1.0288623080397832,0.7147199055780714,-0.3693334169566371,2.431211782351249,2016-12-02T00:00:00Z,0.704274591016821,MAR,brms,1
propMissAct_0.17,1.1393377383884526,0.7710905020647567,-0.39955537533545843,2.6153049100201624,2016-12-03T00:00:00Z,0.465486802605711,MAR,brms,1
propMissAct_0.17,1.175644427858193,0.8104486684518232,-0.42679754376623835,2.7345566211324637,2016-12-04T00:00:00Z,0.399462914168786,MAR,brms,1
propMissAct_0.17,1.343845547838565,0.8292544048958991,-0.3025472027648364,2.951129448786791,2016-12-05T00:00:00Z,0.707736309903312,MAR,brms,1
propMissAct_0.17,1.3134449784508668,0.8584043657624256,-0.4118510324601071,3.0060257841484033,2016-12-06T00:00:00Z,0.676981656015052,MAR,brms,1
propMissAct_0.17,1.3077808433728508,0.8675794695501,-0.3926098836226106,3.0194342088162487,2016-12-07T00:00:00Z,0.651421657701972,MAR,brms,1
propMissAct_0.17,1.1980802340101637,0.873650038320005,-0.5363696479161197,2.9046765490395723,2016-12-08T00:00:00Z,0.452620201394598,MAR,brms,1
propMissAct_0.17,1.2300684195082285,0.8894969010215371,-0.5248604326945583,2.940716629666664,2016-12-09T00:00:00Z,0.713630219522972,MAR,brms,1
propMissAct_0.17,1.2770631384857378,0.8854047100174611,-0.46587108991135373,2.9765900540081502,2016-12-10T00:00:00Z,0.685235312064148,MAR,brms,1
propMissAct_0.17,1.2572586656198452,0.899515724492262,-0.5716954359538386,2.9904485138887433,2016-12-11T00:00:00Z,0.399202048988361,MAR,brms,1
propMissAct_0.17,1.2313852728257422,0.9056429500615409,-0.5531092683181098,2.994622296358652,2016-12-12T00:00:00Z,0.450831021651176,MAR,brms,1
propMissAct_0.17,1.3876643428659448,0.900010569018915,-0.3687338028319911,3.1743276707904147,2016-12-13T00:00:00Z,0.653991463731387,MAR,brms,1
propMissAct_0.17,1.3276451976951227,0.8990993081418593,-0.4539826347491558,3.073943777739446,2016-12-14T00:00:00Z,0.589519727153451,MAR,brms,1
propMissAct_0.17,1.4100034721963581,0.904964882346056,-0.38563780384571794,3.195651126562079,2016-12-15T00:00:00Z,0.403866696016504,MAR,brms,1
propMissAct_0.17,1.217069788298286,0.9012358845120612,-0.5636078080739939,2.9710105791071046,2016-12-16T00:00:00Z,0.269401760261086,MAR,brms,1
propMissAct_0.17,1.1939864757975844,0.9022047779825364,-0.5589152857750226,2.960492251381976,2016-12-17T00:00:00Z,0.316764261250687,MAR,brms,1
propMissAct_0.17,1.354310246904307,0.9067516419753877,-0.44450997217342164,3.143947784694642,2016-12-18T00:00:00Z,0.503715978970523,MAR,brms,1
propMissAct_0.17,1.4004783253029154,0.9023444411987136,-0.40818392968051076,3.16300788185957,2016-12-19T00:00:00Z,0.391838911292807,MAR,brms,1
propMissAct_0.17,1.3985893286830715,0.90514397616427,-0.42926301309076736,3.1601425385163235,2016-12-20T00:00:00Z,0.364620582783133,MAR,brms,1
propMissAct_0.17,1.3722165836488096,0.9043528012732973,-0.39875502702977117,3.1576820068134044,2016-12-21T00:00:00Z,0.584347525364993,MAR,brms,1
propMissAct_0.17,1.4194928537086304,0.9084566145993574,-0.3886139104583973,3.175485553423701,2016-12-22T00:00:00Z,0.523494209635502,MAR,brms,1
propMissAct_0.17,1.3609687076380108,0.8936662626500729,-0.4106643726179392,3.1332303641598056,2016-12-23T00:00:00Z,0.590600885709447,MAR,brms,1
propMissAct_0.17,1.402009835618721,0.9035595652571019,-0.39605231283106124,3.158560082484621,2016-12-24T00:00:00Z,0.352856725125781,MAR,brms,1
propMissAct_0.17,1.3982661502417828,0.8961833202446912,-0.3523430573881033,3.154206434442702,2016-12-25T00:00:00Z,0.638796268228445,MAR,brms,1
propMissAct_0.17,1.266286894748986,0.9060132988905083,-0.5318733436379768,3.044165437167087,2016-12-26T00:00:00Z,0.382867072316656,MAR,brms,1
propMissAct_0.17,0.8969071382737622,0.9054271598165755,-0.8699440677784946,2.686886179722671,2016-12-27T00:00:00Z,0.0373816518772108,MAR,brms,1
propMissAct_0.17,1.0646165848219666,0.908611723281288,-0.7067965092635919,2.868641789579658,2016-12-28T00:00:00Z,0.380477405644794,MAR,brms,1
propMissAct_0.17,1.1615699646427544,0.8955055054484503,-0.579445586976747,2.9018544976000973,2016-12-29T00:00:00Z,0.0899376035704571,MAR,brms,1
propMissAct_0.17,1.2072058051849317,0.9087380849537495,-0.5721469251405386,2.9697676029960722,2016-12-30T00:00:00Z,0.459958607719185,MAR,brms,1
propMissAct_0.17,NA,NA,NA,NA,2016-12-31T00:00:00Z,NA,MAR,brms,1
propMissAct_0.23,0.8867085703783575,0.47706836627646754,-0.04114207683631176,1.8182458888883557,2016-11-30T00:00:00Z,0.0210691950931066,MAR,brms,1
propMissAct_0.23,0.9395561459897706,0.5923690361245684,-0.23572621633556076,2.0944705279618057,2016-12-01T00:00:00Z,0.378646182477892,MAR,brms,1
propMissAct_0.23,1.046275041350142,0.6676372620504621,-0.2738098548647441,2.3519443678835894,2016-12-02T00:00:00Z,0.704274591016821,MAR,brms,1
propMissAct_0.23,1.1464982201821698,0.7143316267907293,-0.28448786566615264,2.5255582723366032,2016-12-03T00:00:00Z,0.465486802605711,MAR,brms,1
propMissAct_0.23,1.208894189839756,0.7489384268500127,-0.27410134140400405,2.67398729856324,2016-12-04T00:00:00Z,0.399462914168786,MAR,brms,1
propMissAct_0.23,1.3671546898564297,0.757013773503184,-0.1495336725093347,2.8183408386338353,2016-12-05T00:00:00Z,0.707736309903312,MAR,brms,1
propMissAct_0.23,1.346305357559615,0.768058248909614,-0.20719217134517878,2.8608028716684566,2016-12-06T00:00:00Z,0.676981656015052,MAR,brms,1
propMissAct_0.23,1.3523131010229403,0.777011492688904,-0.15155150204695675,2.9207362994844552,2016-12-07T00:00:00Z,0.651421657701972,MAR,brms,1
propMissAct_0.23,1.2277909845885102,0.7870400098438199,-0.2979060914774464,2.783800443201046,2016-12-08T00:00:00Z,0.452620201394598,MAR,brms,1
propMissAct_0.23,1.2774935717857323,0.7947464023946655,-0.2917049634237976,2.8498649573217762,2016-12-09T00:00:00Z,0.713630219522972,MAR,brms,1
propMissAct_0.23,1.3272549533201798,0.8018026577289423,-0.3034003979584734,2.886881879033841,2016-12-10T00:00:00Z,0.685235312064148,MAR,brms,1
propMissAct_0.23,1.3104666147686495,0.8012127816324863,-0.2854096207476572,2.8671223094841816,2016-12-11T00:00:00Z,0.399202048988361,MAR,brms,1
propMissAct_0.23,1.280577243333934,0.7885676950470994,-0.3235806737245122,2.8298423206906667,2016-12-12T00:00:00Z,0.450831021651176,MAR,brms,1
propMissAct_0.23,1.426053825933456,0.7916084656830138,-0.11535287189659332,2.9713878089568597,2016-12-13T00:00:00Z,0.653991463731387,MAR,brms,1
propMissAct_0.23,1.3815284662208,0.7947884384718744,-0.17866202806213788,2.9406920498815765,2016-12-14T00:00:00Z,0.589519727153451,MAR,brms,1
propMissAct_0.23,1.483091329088952,0.7955437194569386,-0.08757919338503148,3.0218424627646345,2016-12-15T00:00:00Z,0.403866696016504,MAR,brms,1
propMissAct_0.23,1.2732412231434287,0.7996756869156164,-0.3134301753991994,2.7933348430252396,2016-12-16T00:00:00Z,0.269401760261086,MAR,brms,1
propMissAct_0.23,1.24270849046217,0.7951149639971199,-0.3167862246251189,2.7743228259948216,2016-12-17T00:00:00Z,0.316764261250687,MAR,brms,1
propMissAct_0.23,1.4068648222103803,0.794845469837196,-0.17936206243062,2.966018200359581,2016-12-18T00:00:00Z,0.503715978970523,MAR,brms,1
propMissAct_0.23,1.454446772105805,0.8117326954306655,-0.17543819946447825,3.051162846467092,2016-12-19T00:00:00Z,0.391838911292807,MAR,brms,1
propMissAct_0.23,1.438857854582944,0.8002829473960998,-0.15345986456064148,2.98599853728778,2016-12-20T00:00:00Z,0.364620582783133,MAR,brms,1
propMissAct_0.23,1.4074616932019315,0.8006871842657208,-0.1746304370496541,2.9760930470638782,2016-12-21T00:00:00Z,0.584347525364993,MAR,brms,1
propMissAct_0.23,1.442663223288595,0.8037199088829022,-0.09048970922985407,3.0383512293693973,2016-12-22T00:00:00Z,0.523494209635502,MAR,brms,1
propMissAct_0.23,1.4098606444423645,0.7923859049293548,-0.14063851874173858,2.9709491107515595,2016-12-23T00:00:00Z,0.590600885709447,MAR,brms,1
propMissAct_0.23,1.4395750836450345,0.8001475859803343,-0.15500914020822584,2.972653653185342,2016-12-24T00:00:00Z,0.352856725125781,MAR,brms,1
propMissAct_0.23,1.4308106990195524,0.813532400164775,-0.1862997554723935,3.0643263121030664,2016-12-25T00:00:00Z,0.638796268228445,MAR,brms,1
propMissAct_0.23,1.3008184461124137,0.8109379097555525,-0.3137517035115422,2.927270179340175,2016-12-26T00:00:00Z,0.382867072316656,MAR,brms,1
propMissAct_0.23,0.8627850832516273,0.8167541751552962,-0.6983747425331409,2.466556896816622,2016-12-27T00:00:00Z,0.0373816518772108,MAR,brms,1
propMissAct_0.23,1.035325915885268,0.8086556332585134,-0.5346738330130512,2.611693492093413,2016-12-28T00:00:00Z,0.380477405644794,MAR,brms,1
propMissAct_0.23,1.1530656943802782,0.8039636767146159,-0.45917429253756825,2.7111964472278456,2016-12-29T00:00:00Z,0.0899376035704571,MAR,brms,1
propMissAct_0.23,1.2345464071049252,0.8054261981402531,-0.39305847983656966,2.8096726492869633,2016-12-30T00:00:00Z,0.459958607719185,MAR,brms,1
propMissAct_0.23,NA,NA,NA,NA,2016-12-31T00:00:00Z,NA,MAR,brms,1
propMissAct_0.34,0.852884752608241,0.49079872397934027,-0.10524536365137345,1.821799467926174,2016-11-30T00:00:00Z,0.0210691950931066,MAR,brms,1
propMissAct_0.34,0.9060818878994327,0.6079913163517614,-0.2699948941064111,2.120970506733539,2016-12-01T00:00:00Z,0.378646182477892,MAR,brms,1
propMissAct_0.34,1.0210227352665353,0.6533164495785738,-0.2683939131042759,2.3074039379631155,2016-12-02T00:00:00Z,0.704274591016821,MAR,brms,1
propMissAct_0.34,1.1580430391325383,0.6937574459061532,-0.2042106306842202,2.5554212638549867,2016-12-03T00:00:00Z,0.465486802605711,MAR,brms,1
propMissAct_0.34,1.2274515342296601,0.7133858994759894,-0.1463533694065963,2.641298043756607,2016-12-04T00:00:00Z,0.399462914168786,MAR,brms,1
propMissAct_0.34,1.397015864518364,0.7326036272883787,-0.04372303606031133,2.840003546865516,2016-12-05T00:00:00Z,0.707736309903312,MAR,brms,1
propMissAct_0.34,1.3610505074744659,0.7259693518927427,-0.09037625426395884,2.800314597242839,2016-12-06T00:00:00Z,0.676981656015052,MAR,brms,1
propMissAct_0.34,1.3486387826726716,0.7395887483425625,-0.06657903670469659,2.833168415804034,2016-12-07T00:00:00Z,0.651421657701972,MAR,brms,1
propMissAct_0.34,1.244039354685136,0.7406439559659438,-0.1883224237681731,2.716124072855867,2016-12-08T00:00:00Z,0.452620201394598,MAR,brms,1
propMissAct_0.34,1.3043654131017428,0.7487261292946343,-0.12959022217239172,2.7884194432810485,2016-12-09T00:00:00Z,0.713630219522972,MAR,brms,1
propMissAct_0.34,1.3660573128573041,0.7485741648697944,-0.1152397951051615,2.8093896662327564,2016-12-10T00:00:00Z,0.685235312064148,MAR,brms,1
propMissAct_0.34,1.338139738292139,0.7496812245618709,-0.11828859801104967,2.831010224919074,2016-12-11T00:00:00Z,0.399202048988361,MAR,brms,1
propMissAct_0.34,1.327142353804632,0.7439454509445498,-0.16205931519278696,2.7875520109474414,2016-12-12T00:00:00Z,0.450831021651176,MAR,brms,1
propMissAct_0.34,1.483055356943876,0.7340529820659326,0.019592919533061453,2.9316144319741038,2016-12-13T00:00:00Z,0.653991463731387,MAR,brms,1
propMissAct_0.34,1.4459323420234402,0.7531491733406891,-0.031273809497771,2.9260596529962695,2016-12-14T00:00:00Z,0.589519727153451,MAR,brms,1
propMissAct_0.34,1.5299936769027214,0.7365872194614062,0.11918581110396657,3.004201531474005,2016-12-15T00:00:00Z,0.403866696016504,MAR,brms,1
propMissAct_0.34,1.3203751441045561,0.7513695580177719,-0.1496115701137448,2.8015223991185123,2016-12-16T00:00:00Z,0.269401760261086,MAR,brms,1
propMissAct_0.34,1.273879547800333,0.7423511254706161,-0.2062457774070915,2.7324699322645705,2016-12-17T00:00:00Z,0.316764261250687,MAR,brms,1
propMissAct_0.34,1.4539466749049081,0.7337038829990097,0.020485505877714152,2.9006882875730624,2016-12-18T00:00:00Z,0.503715978970523,MAR,brms,1
propMissAct_0.34,1.5171264616270912,0.7453294118530955,0.07317128163852613,2.9975661277161114,2016-12-19T00:00:00Z,0.391838911292807,MAR,brms,1
propMissAct_0.34,1.4814712803695538,0.7333856084417387,0.0032088873900916735,2.9264936908177095,2016-12-20T00:00:00Z,0.364620582783133,MAR,brms,1
propMissAct_0.34,1.463879050808017,0.7440007396025673,0.007421991818479557,2.908388313752282,2016-12-21T00:00:00Z,0.584347525364993,MAR,brms,1
propMissAct_0.34,1.5050318343726006,0.7455306749880498,0.07953777832351261,3.0038017988892873,2016-12-22T00:00:00Z,0.523494209635502,MAR,brms,1
propMissAct_0.34,1.4596667356186077,0.7493615907998852,-0.031399117521068644,2.931293035871306,2016-12-23T00:00:00Z,0.590600885709447,MAR,brms,1
propMissAct_0.34,1.4927198195707112,0.7429210166523683,0.04298926654920721,2.969537919020858,2016-12-24T00:00:00Z,0.352856725125781,MAR,brms,1
propMissAct_0.34,1.4877208934607056,0.7535752614201106,-0.0014710397451945514,2.9648149499364966,2016-12-25T00:00:00Z,0.638796268228445,MAR,brms,1
propMissAct_0.34,1.3299913024255263,0.7509501191468173,-0.15262535594291324,2.780162465153925,2016-12-26T00:00:00Z,0.382867072316656,MAR,brms,1
propMissAct_0.34,0.8316182521504862,0.7582551212706775,-0.6275848324264464,2.3332122693195547,2016-12-27T00:00:00Z,0.0373816518772108,MAR,brms,1
propMissAct_0.34,1.0161242445890857,0.7471860501951993,-0.4258969582562634,2.5059142550835114,2016-12-28T00:00:00Z,0.380477405644794,MAR,brms,1
propMissAct_0.34,1.1685187001251391,0.7539651657474971,-0.2933757386085302,2.636533596412321,2016-12-29T00:00:00Z,0.0899376035704571,MAR,brms,1
propMissAct_0.34,1.2556340551354568,0.7467753849928247,-0.19863323439374891,2.7237774399821095,2016-12-30T00:00:00Z,0.459958607719185,MAR,brms,1
propMissAct_0.34,NA,NA,NA,NA,2016-12-31T00:00:00Z,NA,MAR,brms,1
propMissAct_0.5,0.6602788605222919,0.4459279011704918,-0.21364346397491235,1.5230897280194873,2016-11-30T00:00:00Z,0.0210691950931066,MAR,brms,1
propMissAct_0.5,0.8100201191943793,0.5193792536884351,-0.19365310211548128,1.8434738065235297,2016-12-01T00:00:00Z,0.378646182477892,MAR,brms,1
propMissAct_0.5,0.9684094869332358,0.5507192961363419,-0.12656905970757704,2.045112612643348,2016-12-02T00:00:00Z,0.704274591016821,MAR,brms,1
propMissAct_0.5,1.105613900093418,0.5556155272283742,0.026828328303651918,2.2107790424123417,2016-12-03T00:00:00Z,0.465486802605711,MAR,brms,1
propMissAct_0.5,1.2129729925435875,0.567461441256946,0.11556224517262297,2.3381218745782535,2016-12-04T00:00:00Z,0.399462914168786,MAR,brms,1
propMissAct_0.5,1.4131620891396923,0.5675098771211183,0.3055104663310752,2.5295200081008313,2016-12-05T00:00:00Z,0.707736309903312,MAR,brms,1
propMissAct_0.5,1.3694377939544928,0.5695148335708137,0.27582194721894315,2.499944695401443,2016-12-06T00:00:00Z,0.676981656015052,MAR,brms,1
propMissAct_0.5,1.375637547510169,0.5635444569093816,0.28421921732085254,2.4873959992413464,2016-12-07T00:00:00Z,0.651421657701972,MAR,brms,1
propMissAct_0.5,1.2574340012626248,0.5717540997486829,0.13350344033178788,2.3695052946252817,2016-12-08T00:00:00Z,0.452620201394598,MAR,brms,1
propMissAct_0.5,1.3235589128643848,0.5661426173754592,0.19938966165432156,2.441223914276475,2016-12-09T00:00:00Z,0.713630219522972,MAR,brms,1
propMissAct_0.5,1.3970153014671813,0.5686473312260416,0.304092622511311,2.508341442927117,2016-12-10T00:00:00Z,0.685235312064148,MAR,brms,1
propMissAct_0.5,1.365513620599516,0.5764225561226715,0.25548498108816137,2.5219908044261,2016-12-11T00:00:00Z,0.399202048988361,MAR,brms,1
propMissAct_0.5,1.3520571796031926,0.5691805055114263,0.23458247450701997,2.47574920174177,2016-12-12T00:00:00Z,0.450831021651176,MAR,brms,1
propMissAct_0.5,1.5204283729429167,0.5652895497069957,0.4355034796822312,2.640019983770566,2016-12-13T00:00:00Z,0.653991463731387,MAR,brms,1
propMissAct_0.5,1.4800204629402196,0.5797095145022138,0.34017017520047566,2.630872401485018,2016-12-14T00:00:00Z,0.589519727153451,MAR,brms,1
propMissAct_0.5,1.6079635919946906,0.5718703982124913,0.5010914061984834,2.7343604728940623,2016-12-15T00:00:00Z,0.403866696016504,MAR,brms,1
propMissAct_0.5,1.341607952571469,0.5737635999697245,0.20229507300825525,2.4705955983938845,2016-12-16T00:00:00Z,0.269401760261086,MAR,brms,1
propMissAct_0.5,1.295253021046425,0.5766400210051584,0.17259051686652205,2.4111344115257602,2016-12-17T00:00:00Z,0.316764261250687,MAR,brms,1
propMissAct_0.5,1.4872693692775676,0.5748719448865679,0.38023717219826325,2.618246793961191,2016-12-18T00:00:00Z,0.503715978970523,MAR,brms,1
propMissAct_0.5,1.55885820780429,0.5636772417585405,0.42958233094709736,2.670538725360976,2016-12-19T00:00:00Z,0.391838911292807,MAR,brms,1
propMissAct_0.5,1.5200658675655212,0.5710358749373556,0.4151376981673665,2.6470537393314997,2016-12-20T00:00:00Z,0.364620582783133,MAR,brms,1
propMissAct_0.5,1.508641358565005,0.5730646844894218,0.3771265760513878,2.6272349601743037,2016-12-21T00:00:00Z,0.584347525364993,MAR,brms,1
propMissAct_0.5,1.5544852702018472,0.5723983925972397,0.4393951767953159,2.69462990206697,2016-12-22T00:00:00Z,0.523494209635502,MAR,brms,1
propMissAct_0.5,1.5017627651411332,0.5691468208284125,0.3725476256168706,2.6475229833429483,2016-12-23T00:00:00Z,0.590600885709447,MAR,brms,1
propMissAct_0.5,1.529418658593146,0.5662703434811026,0.41012351350475507,2.622223398283975,2016-12-24T00:00:00Z,0.352856725125781,MAR,brms,1
propMissAct_0.5,1.531128595802322,0.5693963109856832,0.41908826223270973,2.6422208392985906,2016-12-25T00:00:00Z,0.638796268228445,MAR,brms,1
propMissAct_0.5,1.300463195439864,0.5706399805627074,0.19878200355528944,2.4302313438168524,2016-12-26T00:00:00Z,0.382867072316656,MAR,brms,1
propMissAct_0.5,0.650244849990056,0.5695362519908459,-0.4735637570722965,1.7607624494984209,2016-12-27T00:00:00Z,0.0373816518772108,MAR,brms,1
propMissAct_0.5,0.8905038871585323,0.5712337493081465,-0.2055642615836412,2.0106356753240893,2016-12-28T00:00:00Z,0.380477405644794,MAR,brms,1
propMissAct_0.5,1.0916312598094378,0.5754559405040486,-0.025846541972165894,2.2112220485204803,2016-12-29T00:00:00Z,0.0899376035704571,MAR,brms,1
propMissAct_0.5,1.2134561618018953,0.560879100604015,0.1168049261411971,2.3073505310975255,2016-12-30T00:00:00Z,0.459958607719185,MAR,brms,1
propMissAct_0.5,NA,NA,NA,NA,2016-12-31T00:00:00Z,NA,MAR,brms,1
propMissAct_0.61,0.7468497953998587,0.4331656114922747,-0.1091419715937787,1.6041732006344689,2016-11-30T00:00:00Z,0.0210691950931066,MAR,brms,1
propMissAct_0.61,0.8771978077887801,0.5036584040967415,-0.10067132083592961,1.8687098972150953,2016-12-01T00:00:00Z,0.378646182477892,MAR,brms,1
propMissAct_0.61,1.0133783452755267,0.5258223897436425,-0.01788220419792011,2.0552599552280353,2016-12-02T00:00:00Z,0.704274591016821,MAR,brms,1
propMissAct_0.61,1.162276082565017,0.5301443354709651,0.09392307652768705,2.1922279946103127,2016-12-03T00:00:00Z,0.465486802605711,MAR,brms,1
propMissAct_0.61,1.24359177228652,0.5295784879121205,0.22023458776344207,2.3025809586015926,2016-12-04T00:00:00Z,0.399462914168786,MAR,brms,1
propMissAct_0.61,1.4508447462051988,0.5384319279253661,0.3977100539711939,2.530378113100671,2016-12-05T00:00:00Z,0.707736309903312,MAR,brms,1
propMissAct_0.61,1.4031709093506979,0.5396810744690107,0.3625914726954466,2.4675294832455865,2016-12-06T00:00:00Z,0.676981656015052,MAR,brms,1
propMissAct_0.61,1.405727314176377,0.5318581958922671,0.34993404149317925,2.462319063791672,2016-12-07T00:00:00Z,0.651421657701972,MAR,brms,1
propMissAct_0.61,1.2769231900835845,0.5364830683273157,0.2293851240586236,2.3373248088830327,2016-12-08T00:00:00Z,0.452620201394598,MAR,brms,1
propMissAct_0.61,1.3439952252740757,0.5444299523537185,0.26592233605397986,2.403675291053055,2016-12-09T00:00:00Z,0.713630219522972,MAR,brms,1
propMissAct_0.61,1.4117246432110153,0.542474626640841,0.3815881733623377,2.472142253384656,2016-12-10T00:00:00Z,0.685235312064148,MAR,brms,1
propMissAct_0.61,1.3966429026588847,0.5410177538789638,0.33223128638186644,2.4639465584951634,2016-12-11T00:00:00Z,0.399202048988361,MAR,brms,1
propMissAct_0.61,1.3737528214054302,0.5436683888625408,0.3125408420921752,2.4711497562641402,2016-12-12T00:00:00Z,0.450831021651176,MAR,brms,1
propMissAct_0.61,1.5452164423294135,0.5411663819754473,0.4951668044656861,2.6103627514440206,2016-12-13T00:00:00Z,0.653991463731387,MAR,brms,1
propMissAct_0.61,1.5116860873115598,0.5393649162342615,0.43778007888610104,2.569054148414275,2016-12-14T00:00:00Z,0.589519727153451,MAR,brms,1
propMissAct_0.61,1.6198432065925668,0.5431544651589392,0.5611131604114798,2.6960045274494626,2016-12-15T00:00:00Z,0.403866696016504,MAR,brms,1
propMissAct_0.61,1.3645837129652931,0.5428730502709422,0.3084016950382018,2.449703797096975,2016-12-16T00:00:00Z,0.269401760261086,MAR,brms,1
propMissAct_0.61,1.3221306891189017,0.5415605579875991,0.2756540109523449,2.3920012100466908,2016-12-17T00:00:00Z,0.316764261250687,MAR,brms,1
propMissAct_0.61,1.5148566218925663,0.5360136569453429,0.48951891025076494,2.5768674336157273,2016-12-18T00:00:00Z,0.503715978970523,MAR,brms,1
propMissAct_0.61,1.5746406402996391,0.5408588319078295,0.5193019806244302,2.638645531210771,2016-12-19T00:00:00Z,0.391838911292807,MAR,brms,1
propMissAct_0.61,1.549914787757154,0.5325482730461184,0.508976271563261,2.5911890389469345,2016-12-20T00:00:00Z,0.364620582783133,MAR,brms,1
propMissAct_0.61,1.5275073537643358,0.5366713722422375,0.4621274398069157,2.577112764477979,2016-12-21T00:00:00Z,0.584347525364993,MAR,brms,1
propMissAct_0.61,1.5630586985529322,0.542596881667971,0.49947414415600927,2.6451166376509003,2016-12-22T00:00:00Z,0.523494209635502,MAR,brms,1
propMissAct_0.61,1.5268054467310235,0.5267277028162834,0.504077359777767,2.5669857607059323,2016-12-23T00:00:00Z,0.590600885709447,MAR,brms,1
propMissAct_0.61,1.5559877332318945,0.533341462991384,0.5147548589774044,2.623059613242275,2016-12-24T00:00:00Z,0.352856725125781,MAR,brms,1
propMissAct_0.61,1.5558187158450232,0.5321289616484779,0.5218883485451474,2.6316490513491075,2016-12-25T00:00:00Z,0.638796268228445,MAR,brms,1
propMissAct_0.61,1.3522867177199354,0.5321065573457506,0.31025135575191354,2.41309458972148,2016-12-26T00:00:00Z,0.382867072316656,MAR,brms,1
propMissAct_0.61,0.7396726872144619,0.5488435572781407,-0.3317199386758538,1.8304480081148495,2016-12-27T00:00:00Z,0.0373816518772108,MAR,brms,1
propMissAct_0.61,0.9735320357673292,0.5435208542584192,-0.08844834916726815,2.042775843115683,2016-12-28T00:00:00Z,0.380477405644794,MAR,brms,1
propMissAct_0.61,1.144366796012615,0.5405625738006563,0.07247493461356447,2.194205825010262,2016-12-29T00:00:00Z,0.0899376035704571,MAR,brms,1
propMissAct_0.61,1.2623706915204669,0.5337855608105898,0.22320617775206705,2.3224771571976643,2016-12-30T00:00:00Z,0.459958607719185,MAR,brms,1
propMissAct_0.61,NA,NA,NA,NA,2016-12-31T00:00:00Z,NA,MAR,brms,1
propMissAct_0.66,0.9358008457301705,0.4121093425461245,0.10027027424156572,1.7441481137445256,2016-11-30T00:00:00Z,0.0210691950931066,MAR,brms,1
propMissAct_0.66,1.009519509737491,0.4625084420678726,0.10443671104155348,1.9128036438425655,2016-12-01T00:00:00Z,0.378646182477892,MAR,brms,1
propMissAct_0.66,1.1250787264397237,0.474889688819656,0.19945863229142904,2.0617855067595854,2016-12-02T00:00:00Z,0.704274591016821,MAR,brms,1
propMissAct_0.66,1.2416840485661234,0.48010539199292024,0.31087749591662195,2.190663638329927,2016-12-03T00:00:00Z,0.465486802605711,MAR,brms,1
propMissAct_0.66,1.316794693355307,0.47641907542578404,0.3885080390520528,2.2714043821389,2016-12-04T00:00:00Z,0.399462914168786,MAR,brms,1
propMissAct_0.66,1.4747488089548608,0.481792422164595,0.53351005373181,2.4359054829197406,2016-12-05T00:00:00Z,0.707736309903312,MAR,brms,1
propMissAct_0.66,1.4363172251726704,0.48295748965736923,0.4843333467605269,2.3926496587065578,2016-12-06T00:00:00Z,0.676981656015052,MAR,brms,1
propMissAct_0.66,1.4360765590922764,0.4815444527194667,0.5007476062000877,2.3997139301800336,2016-12-07T00:00:00Z,0.651421657701972,MAR,brms,1
propMissAct_0.66,1.338923796142242,0.4863413983609629,0.369602089213162,2.279938830946436,2016-12-08T00:00:00Z,0.452620201394598,MAR,brms,1
propMissAct_0.66,1.384167511261987,0.48556584798441227,0.43380702386354536,2.3484001803422845,2016-12-09T00:00:00Z,0.713630219522972,MAR,brms,1
propMissAct_0.66,1.4382180836412224,0.4795861682212478,0.5068082514681206,2.38405039914173,2016-12-10T00:00:00Z,0.685235312064148,MAR,brms,1
propMissAct_0.66,1.4163493750067364,0.47440360380475616,0.4966237444389975,2.3573145399312225,2016-12-11T00:00:00Z,0.399202048988361,MAR,brms,1
propMissAct_0.66,1.3979207891057988,0.4921906600488121,0.45699515739561863,2.3754888099653977,2016-12-12T00:00:00Z,0.450831021651176,MAR,brms,1
propMissAct_0.66,1.550328185772864,0.4878524617562852,0.5927963927622473,2.517056787789103,2016-12-13T00:00:00Z,0.653991463731387,MAR,brms,1
propMissAct_0.66,1.5107639976683993,0.48059040561449934,0.5573726082071273,2.4634250312664534,2016-12-14T00:00:00Z,0.589519727153451,MAR,brms,1
propMissAct_0.66,1.6135445447208234,0.48449850760059027,0.6669579697990662,2.5797651731947924,2016-12-15T00:00:00Z,0.403866696016504,MAR,brms,1
propMissAct_0.66,1.3984615547764405,0.4852256870125213,0.4619873747532088,2.366929121982939,2016-12-16T00:00:00Z,0.269401760261086,MAR,brms,1
propMissAct_0.66,1.3617895504362774,0.490361112977318,0.4099725212109376,2.330953028794528,2016-12-17T00:00:00Z,0.316764261250687,MAR,brms,1
propMissAct_0.66,1.523454224083805,0.47798237129035076,0.5958275328050848,2.4566812282641206,2016-12-18T00:00:00Z,0.503715978970523,MAR,brms,1
propMissAct_0.66,1.5755985534602601,0.4897069787790143,0.6375794614313476,2.5518702932885216,2016-12-19T00:00:00Z,0.391838911292807,MAR,brms,1
propMissAct_0.66,1.550874699813239,0.48731922019770074,0.5989499372708649,2.5147473007792134,2016-12-20T00:00:00Z,0.364620582783133,MAR,brms,1
propMissAct_0.66,1.5286812165488395,0.478749181240945,0.5956813640838495,2.48549851384661,2016-12-21T00:00:00Z,0.584347525364993,MAR,brms,1
propMissAct_0.66,1.5750710734745013,0.48320357051950774,0.6440015795489503,2.5504697631737736,2016-12-22T00:00:00Z,0.523494209635502,MAR,brms,1
propMissAct_0.66,1.5449124989790128,0.4808160699205733,0.6292060816467057,2.505942336535131,2016-12-23T00:00:00Z,0.590600885709447,MAR,brms,1
propMissAct_0.66,1.5623227905242865,0.47923008358201935,0.6504748288691874,2.513273872469902,2016-12-24T00:00:00Z,0.352856725125781,MAR,brms,1
propMissAct_0.66,1.563712848720224,0.4828430226644021,0.6109161740696812,2.543778800895673,2016-12-25T00:00:00Z,0.638796268228445,MAR,brms,1
propMissAct_0.66,1.3980517003851143,0.4840672890304619,0.46484594285505476,2.3608545303887856,2016-12-26T00:00:00Z,0.382867072316656,MAR,brms,1
propMissAct_0.66,0.9135727026363673,0.4929131193963037,-0.03477299918403909,1.9010969389159662,2016-12-27T00:00:00Z,0.0373816518772108,MAR,brms,1
propMissAct_0.66,1.1125060817109673,0.4872921316432443,0.17478244263468604,2.085380673538667,2016-12-28T00:00:00Z,0.380477405644794,MAR,brms,1
propMissAct_0.66,1.2438416252259132,0.4832988541938495,0.31230672388495195,2.1996106504254356,2016-12-29T00:00:00Z,0.0899376035704571,MAR,brms,1
propMissAct_0.66,1.3270501596248847,0.4809189114502667,0.37305493685436253,2.2954754949210168,2016-12-30T00:00:00Z,0.459958607719185,MAR,brms,1
propMissAct_0.66,NA,NA,NA,NA,2016-12-31T00:00:00Z,NA,MAR,brms,1
propMissAct_0.69,1.0544530705730366,0.4038303223497948,0.26843827692051686,1.8541627719201976,2016-11-30T00:00:00Z,0.0210691950931066,MAR,brms,1
propMissAct_0.69,1.060934365129577,0.43118312798504604,0.23205755716420276,1.9102936152948764,2016-12-01T00:00:00Z,0.378646182477892,MAR,brms,1
propMissAct_0.69,1.1632736927056644,0.4462416648538981,0.2752548637714246,2.0501255274623427,2016-12-02T00:00:00Z,0.704274591016821,MAR,brms,1
propMissAct_0.69,1.255473023406146,0.4497293018173608,0.3721980417064106,2.149576939554311,2016-12-03T00:00:00Z,0.465486802605711,MAR,brms,1
propMissAct_0.69,1.3187588195589954,0.4452343938693589,0.45759113956438713,2.195624126857363,2016-12-04T00:00:00Z,0.399462914168786,MAR,brms,1
propMissAct_0.69,1.4811958174025197,0.439974421415189,0.6138589480559221,2.3369850408089214,2016-12-05T00:00:00Z,0.707736309903312,MAR,brms,1
propMissAct_0.69,1.4360553521820447,0.43130607923532216,0.5992946622006249,2.277465776405858,2016-12-06T00:00:00Z,0.676981656015052,MAR,brms,1
propMissAct_0.69,1.4377836028223825,0.4442796423765896,0.5547635825394811,2.3023940869131843,2016-12-07T00:00:00Z,0.651421657701972,MAR,brms,1
propMissAct_0.69,1.3247634891726168,0.4488092327714458,0.45248035875016657,2.2092804860786313,2016-12-08T00:00:00Z,0.452620201394598,MAR,brms,1
propMissAct_0.69,1.3642691614464026,0.4478911030880078,0.500276479623184,2.260432589404123,2016-12-09T00:00:00Z,0.713630219522972,MAR,brms,1
propMissAct_0.69,1.4192753129081623,0.4445903776722143,0.5633394054168501,2.3205171716618063,2016-12-10T00:00:00Z,0.685235312064148,MAR,brms,1
propMissAct_0.69,1.4019994828615678,0.44562058845907143,0.5197073371020204,2.2758534482053348,2016-12-11T00:00:00Z,0.399202048988361,MAR,brms,1
propMissAct_0.69,1.381352296925932,0.443768658439972,0.5086538439263131,2.263185083824261,2016-12-12T00:00:00Z,0.450831021651176,MAR,brms,1
propMissAct_0.69,1.5379645499464596,0.4417012807822505,0.6630012852112241,2.4233152508215405,2016-12-13T00:00:00Z,0.653991463731387,MAR,brms,1
propMissAct_0.69,1.4867762103278594,0.4537307408044518,0.5861497761307081,2.385862233478758,2016-12-14T00:00:00Z,0.589519727153451,MAR,brms,1
propMissAct_0.69,1.571796979951149,0.4414321745075155,0.7048834812019997,2.457910580189368,2016-12-15T00:00:00Z,0.403866696016504,MAR,brms,1
propMissAct_0.69,1.355731592739372,0.4455353828935557,0.47685035170460605,2.244841236543909,2016-12-16T00:00:00Z,0.269401760261086,MAR,brms,1
propMissAct_0.69,1.3398101163204517,0.44787664714428194,0.44886924548749124,2.2275484176533658,2016-12-17T00:00:00Z,0.316764261250687,MAR,brms,1
propMissAct_0.69,1.5043231921962963,0.44107192908614506,0.6525308349485082,2.386430943489203,2016-12-18T00:00:00Z,0.503715978970523,MAR,brms,1
propMissAct_0.69,1.5537795867571627,0.4428579932907072,0.6934431753506246,2.4377981327649327,2016-12-19T00:00:00Z,0.391838911292807,MAR,brms,1
propMissAct_0.69,1.5283238489314452,0.43574962109234233,0.6550726747178192,2.3824296686834283,2016-12-20T00:00:00Z,0.364620582783133,MAR,brms,1
propMissAct_0.69,1.5015846955682326,0.43402230373458617,0.6545098377816829,2.360343653605778,2016-12-21T00:00:00Z,0.584347525364993,MAR,brms,1
propMissAct_0.69,1.5571646707489617,0.44275973444696975,0.6907828462819722,2.4413998588577464,2016-12-22T00:00:00Z,0.523494209635502,MAR,brms,1
propMissAct_0.69,1.5027090760380564,0.4434500560519558,0.6327017062706617,2.3813133914626534,2016-12-23T00:00:00Z,0.590600885709447,MAR,brms,1
propMissAct_0.69,1.5336699835511498,0.43856815054299664,0.6610416288404716,2.403432112292524,2016-12-24T00:00:00Z,0.352856725125781,MAR,brms,1
propMissAct_0.69,1.5326490529019965,0.4364058813589444,0.6844168410700081,2.391368783472132,2016-12-25T00:00:00Z,0.638796268228445,MAR,brms,1
propMissAct_0.69,1.3982222993280478,0.4426514389376092,0.5395307819961833,2.2858106443558355,2016-12-26T00:00:00Z,0.382867072316656,MAR,brms,1
propMissAct_0.69,1.0091788455065807,0.4600276090502663,0.1238389963473479,1.9187696737645497,2016-12-27T00:00:00Z,0.0373816518772108,MAR,brms,1
propMissAct_0.69,1.1835383075972359,0.45200351459742294,0.2892898020008789,2.0733478399657153,2016-12-28T00:00:00Z,0.380477405644794,MAR,brms,1
propMissAct_0.69,1.2764962693391646,0.44744809055099993,0.4003605432061986,2.158376573912141,2016-12-29T00:00:00Z,0.0899376035704571,MAR,brms,1
propMissAct_0.69,1.347632484804512,0.44175237712158444,0.47737083302311484,2.2231770132384474,2016-12-30T00:00:00Z,0.459958607719185,MAR,brms,1
propMissAct_0.69,NA,NA,NA,NA,2016-12-31T00:00:00Z,NA,MAR,brms,1
propMissAct_0.71,0.9523096029480569,0.38037572362135813,0.19849507592380247,1.7057110806737346,2016-11-30T00:00:00Z,0.0210691950931066,MAR,brms,1
propMissAct_0.71,0.9776512550236821,0.3963800508416666,0.20766805172318203,1.76476739900143,2016-12-01T00:00:00Z,0.378646182477892,MAR,brms,1
propMissAct_0.71,1.082306363951642,0.4001135020375241,0.29961203112561957,1.8918076737350888,2016-12-02T00:00:00Z,0.704274591016821,MAR,brms,1
propMissAct_0.71,1.1855342744282562,0.39279427792391025,0.4141608593952252,1.9629244733324416,2016-12-03T00:00:00Z,0.465486802605711,MAR,brms,1
propMissAct_0.71,1.2571458765449344,0.3991902480283038,0.479600468100218,2.0548878879847345,2016-12-04T00:00:00Z,0.399462914168786,MAR,brms,1
propMissAct_0.71,1.4426327946295774,0.3943110070453402,0.6612335134129201,2.233453205285806,2016-12-05T00:00:00Z,0.707736309903312,MAR,brms,1
propMissAct_0.71,1.3992354792309276,0.3977759374481581,0.60797991081076,2.185846646059951,2016-12-06T00:00:00Z,0.676981656015052,MAR,brms,1
propMissAct_0.71,1.3891183332306976,0.3948560743652556,0.6207244689768189,2.161608619112438,2016-12-07T00:00:00Z,0.651421657701972,MAR,brms,1
propMissAct_0.71,1.2659068654267946,0.397781683118225,0.4767715835117441,2.0545044466270954,2016-12-08T00:00:00Z,0.452620201394598,MAR,brms,1
propMissAct_0.71,1.305654816333199,0.39994587883671484,0.5350959077174563,2.1005463594788507,2016-12-09T00:00:00Z,0.713630219522972,MAR,brms,1
propMissAct_0.71,1.371309275366384,0.39757831869913757,0.603098860077277,2.1473659448765297,2016-12-10T00:00:00Z,0.685235312064148,MAR,brms,1
propMissAct_0.71,1.3451396962722135,0.3981274186120296,0.5457470695322448,2.1206641795534216,2016-12-11T00:00:00Z,0.399202048988361,MAR,brms,1
propMissAct_0.71,1.3236118280127618,0.39492940998502524,0.5513909452615448,2.095305930769703,2016-12-12T00:00:00Z,0.450831021651176,MAR,brms,1
propMissAct_0.71,1.4888295949222814,0.3919615705424566,0.7322420796089901,2.2607673166929314,2016-12-13T00:00:00Z,0.653991463731387,MAR,brms,1
propMissAct_0.71,1.4421037315180583,0.3947017288742436,0.6646652238079238,2.2256385818805953,2016-12-14T00:00:00Z,0.589519727153451,MAR,brms,1
propMissAct_0.71,1.5458611187737732,0.3937686737399864,0.777430439572345,2.3196610634153902,2016-12-15T00:00:00Z,0.403866696016504,MAR,brms,1
propMissAct_0.71,1.3069516751427808,0.4053257369908332,0.5119836837765195,2.099679658953728,2016-12-16T00:00:00Z,0.269401760261086,MAR,brms,1
propMissAct_0.71,1.2776235414120998,0.39377090858892466,0.5267254446781744,2.058021168606972,2016-12-17T00:00:00Z,0.316764261250687,MAR,brms,1
propMissAct_0.71,1.4611825004230825,0.39428647580740384,0.675940000623724,2.245939812401543,2016-12-18T00:00:00Z,0.503715978970523,MAR,brms,1
propMissAct_0.71,1.518571159424089,0.39693884250350636,0.7364196218485548,2.3106309224212254,2016-12-19T00:00:00Z,0.391838911292807,MAR,brms,1
propMissAct_0.71,1.48934399284512,0.3952345594628879,0.7176378248450676,2.270123667714835,2016-12-20T00:00:00Z,0.364620582783133,MAR,brms,1
propMissAct_0.71,1.458510739025377,0.391605534433665,0.6887498196886475,2.2220475739841334,2016-12-21T00:00:00Z,0.584347525364993,MAR,brms,1
propMissAct_0.71,1.5172910050446249,0.390647582106313,0.7513458784287443,2.288250571994448,2016-12-22T00:00:00Z,0.523494209635502,MAR,brms,1
propMissAct_0.71,1.4680219080016816,0.3975429179114628,0.7006182243984497,2.256032577795821,2016-12-23T00:00:00Z,0.590600885709447,MAR,brms,1
propMissAct_0.71,1.5041130178009061,0.3979260766277394,0.7226603230782094,2.292613689164551,2016-12-24T00:00:00Z,0.352856725125781,MAR,brms,1
propMissAct_0.71,1.493463404125303,0.3920342878558366,0.7423017185254323,2.2640200511136825,2016-12-25T00:00:00Z,0.638796268228445,MAR,brms,1
propMissAct_0.71,1.3643923955558992,0.403533967053322,0.5673548570327913,2.160748368103335,2016-12-26T00:00:00Z,0.382867072316656,MAR,brms,1
propMissAct_0.71,0.9021622145586334,0.4182387759786371,0.08486496672090615,1.7219919982423506,2016-12-27T00:00:00Z,0.0373816518772108,MAR,brms,1
propMissAct_0.71,1.0989787006684695,0.4033238382454538,0.3024078494094319,1.8957264494579025,2016-12-28T00:00:00Z,0.380477405644794,MAR,brms,1
propMissAct_0.71,1.2139292275536586,0.39340555395727816,0.4357704350711503,1.9896327491388919,2016-12-29T00:00:00Z,0.0899376035704571,MAR,brms,1
propMissAct_0.71,1.2867604505225938,0.39510114343297614,0.5124193643099837,2.0710022225374374,2016-12-30T00:00:00Z,0.459958607719185,MAR,brms,1
propMissAct_0.71,NA,NA,NA,NA,2016-12-31T00:00:00Z,NA,MAR,brms,1
propMissAct_0.73,1.0146389540362937,0.35682864853813107,0.32294948695820985,1.717477164690718,2016-11-30T00:00:00Z,0.0210691950931066,MAR,brms,1
propMissAct_0.73,1.012510222350464,0.3680440945915801,0.29954435746546826,1.7340876611086016,2016-12-01T00:00:00Z,0.378646182477892,MAR,brms,1
propMissAct_0.73,1.106924108630156,0.36769606359331625,0.3785054782741037,1.8235378475334918,2016-12-02T00:00:00Z,0.704274591016821,MAR,brms,1
propMissAct_0.73,1.2080616314978219,0.3605088320709915,0.4918929468448204,1.9060331693724895,2016-12-03T00:00:00Z,0.465486802605711,MAR,brms,1
propMissAct_0.73,1.2610201937991088,0.3577233010367239,0.5494449489836182,1.9697147469201124,2016-12-04T00:00:00Z,0.399462914168786,MAR,brms,1
propMissAct_0.73,1.4315924130075997,0.3536946141717959,0.7504000793028848,2.1428052699851987,2016-12-05T00:00:00Z,0.707736309903312,MAR,brms,1
propMissAct_0.73,1.4060064551175444,0.35922030534089877,0.6914800606656527,2.105933327321438,2016-12-06T00:00:00Z,0.676981656015052,MAR,brms,1
propMissAct_0.73,1.3919553070682706,0.3607648009309403,0.6986263605638822,2.1148134345188523,2016-12-07T00:00:00Z,0.651421657701972,MAR,brms,1
propMissAct_0.73,1.2682851080780924,0.36098695647232515,0.5624954043833985,1.9879518631046356,2016-12-08T00:00:00Z,0.452620201394598,MAR,brms,1
propMissAct_0.73,1.3008082126676481,0.36267357588636606,0.6096065911437187,2.0182943678329512,2016-12-09T00:00:00Z,0.713630219522972,MAR,brms,1
propMissAct_0.73,1.3635715196058513,0.35980485020496994,0.6655597773643454,2.070940525436085,2016-12-10T00:00:00Z,0.685235312064148,MAR,brms,1
propMissAct_0.73,1.3338593290194933,0.3637182134297523,0.6229169131193986,2.057749229640247,2016-12-11T00:00:00Z,0.399202048988361,MAR,brms,1
propMissAct_0.73,1.331397935085179,0.358706416567168,0.6372834440977693,2.037370807896773,2016-12-12T00:00:00Z,0.450831021651176,MAR,brms,1
propMissAct_0.73,1.4762825256040313,0.3582421721090795,0.7682986197434819,2.1773783748165028,2016-12-13T00:00:00Z,0.653991463731387,MAR,brms,1
propMissAct_0.73,1.4275190842390193,0.35882702003659345,0.7178946917735369,2.127013714836668,2016-12-14T00:00:00Z,0.589519727153451,MAR,brms,1
propMissAct_0.73,1.5208288720844942,0.3579002763214321,0.8309728751136487,2.226857510761534,2016-12-15T00:00:00Z,0.403866696016504,MAR,brms,1
propMissAct_0.73,1.2987422577470484,0.36167400568011304,0.6029278242192433,2.015313757365658,2016-12-16T00:00:00Z,0.269401760261086,MAR,brms,1
propMissAct_0.73,1.266711147709715,0.3610458791209081,0.5620761568268839,1.9760130438052967,2016-12-17T00:00:00Z,0.316764261250687,MAR,brms,1
propMissAct_0.73,1.450786625555685,0.3606920053432969,0.7443465235928798,2.1788218052126695,2016-12-18T00:00:00Z,0.503715978970523,MAR,brms,1
propMissAct_0.73,1.4873100948034916,0.35887958058741465,0.7900806167091826,2.193831555391097,2016-12-19T00:00:00Z,0.391838911292807,MAR,brms,1
propMissAct_0.73,1.4730961456949867,0.35900279886777225,0.7740631852092382,2.180639738942077,2016-12-20T00:00:00Z,0.364620582783133,MAR,brms,1
propMissAct_0.73,1.446873402159993,0.35761781265581166,0.7401493473226622,2.133682449436453,2016-12-21T00:00:00Z,0.584347525364993,MAR,brms,1
propMissAct_0.73,1.499729734473979,0.3556591873560247,0.8181093997076865,2.20911075153464,2016-12-22T00:00:00Z,0.523494209635502,MAR,brms,1
propMissAct_0.73,1.4468786566708052,0.3614733696651065,0.72679085148041,2.1603585336292497,2016-12-23T00:00:00Z,0.590600885709447,MAR,brms,1
propMissAct_0.73,1.4931478819563297,0.3604311505878234,0.7865467281129477,2.193768167477571,2016-12-24T00:00:00Z,0.352856725125781,MAR,brms,1
propMissAct_0.73,1.476371338197028,0.3562264022526968,0.7701099613629783,2.1851045331365144,2016-12-25T00:00:00Z,0.638796268228445,MAR,brms,1
propMissAct_0.73,1.3535804912500946,0.358934409365841,0.6529424509275026,2.057195668044494,2016-12-26T00:00:00Z,0.382867072316656,MAR,brms,1
propMissAct_0.73,0.9666906813528242,0.37936209543241495,0.21613139823686048,1.7103597670853032,2016-12-27T00:00:00Z,0.0373816518772108,MAR,brms,1
propMissAct_0.73,1.1422112758393708,0.37374382206039253,0.4122878135300125,1.86809467671248,2016-12-28T00:00:00Z,0.380477405644794,MAR,brms,1
propMissAct_0.73,1.235723178174693,0.35979270890306764,0.5271984757356801,1.9233990485496815,2016-12-29T00:00:00Z,0.0899376035704571,MAR,brms,1
propMissAct_0.73,1.2998526710225966,0.359842438820522,0.5951191584215064,2.008506920016786,2016-12-30T00:00:00Z,0.459958607719185,MAR,brms,1
propMissAct_0.73,NA,NA,NA,NA,2016-12-31T00:00:00Z,NA,MAR,brms,1
propMissAct_0.75,1.1274797747338519,0.3371655703369949,0.47278039600686067,1.7952411908738983,2016-11-30T00:00:00Z,0.0210691950931066,MAR,brms,1
propMissAct_0.75,1.0865064310147934,0.3414491433814717,0.4141655458717632,1.7514088778515968,2016-12-01T00:00:00Z,0.378646182477892,MAR,brms,1
propMissAct_0.75,1.1594512402560924,0.3327246930371891,0.48775804088838165,1.809470125020513,2016-12-02T00:00:00Z,0.704274591016821,MAR,brms,1
propMissAct_0.75,1.2355067575062133,0.33320975586877405,0.5855552390769143,1.8979918349823064,2016-12-03T00:00:00Z,0.465486802605711,MAR,brms,1
propMissAct_0.75,1.2766579935515754,0.3291786585232407,0.6361001557461545,1.9210035138311818,2016-12-04T00:00:00Z,0.399462914168786,MAR,brms,1
propMissAct_0.75,1.4318887791246948,0.3258267581360534,0.7901595287541398,2.068723777339774,2016-12-05T00:00:00Z,0.707736309903312,MAR,brms,1
propMissAct_0.75,1.4056290259577886,0.32581224917000823,0.763941071828399,2.060139358011571,2016-12-06T00:00:00Z,0.676981656015052,MAR,brms,1
propMissAct_0.75,1.3843271242305346,0.3233770899363851,0.7477743146685157,2.026599197070043,2016-12-07T00:00:00Z,0.651421657701972,MAR,brms,1
propMissAct_0.75,1.2794884289888853,0.33038947091671683,0.6238452092991192,1.9145970821585228,2016-12-08T00:00:00Z,0.452620201394598,MAR,brms,1
propMissAct_0.75,1.3048323397777521,0.3305549298586373,0.6519575613187814,1.95081329632243,2016-12-09T00:00:00Z,0.713630219522972,MAR,brms,1
propMissAct_0.75,1.3546240297569732,0.3243927275026403,0.7271395482205474,1.9974118823774003,2016-12-10T00:00:00Z,0.685235312064148,MAR,brms,1
propMissAct_0.75,1.333162762183431,0.3306745401570235,0.6784688479750592,1.9941845004860135,2016-12-11T00:00:00Z,0.399202048988361,MAR,brms,1
propMissAct_0.75,1.3224398276909033,0.3268896363128444,0.6682250128712972,1.9629858303761998,2016-12-12T00:00:00Z,0.450831021651176,MAR,brms,1
propMissAct_0.75,1.4658331464926242,0.3258669828776331,0.8273077332886886,2.103986723840624,2016-12-13T00:00:00Z,0.653991463731387,MAR,brms,1
propMissAct_0.75,1.4106135557452404,0.3239710698143649,0.7823299859864755,2.046285276740943,2016-12-14T00:00:00Z,0.589519727153451,MAR,brms,1
propMissAct_0.75,1.4847271813250724,0.32840525774867135,0.8477912647214555,2.123240104237523,2016-12-15T00:00:00Z,0.403866696016504,MAR,brms,1
propMissAct_0.75,1.2964098735729095,0.3294753202378099,0.6583282688013198,1.9507389819471166,2016-12-16T00:00:00Z,0.269401760261086,MAR,brms,1
propMissAct_0.75,1.2768487573518816,0.32596007765868623,0.6370269886345462,1.921552182223336,2016-12-17T00:00:00Z,0.316764261250687,MAR,brms,1
propMissAct_0.75,1.4343277498347082,0.32140681296624485,0.8001279766936346,2.0549841268146087,2016-12-18T00:00:00Z,0.503715978970523,MAR,brms,1
propMissAct_0.75,1.4678025339282925,0.32674828857724386,0.8208163661728652,2.1009556290426032,2016-12-19T00:00:00Z,0.391838911292807,MAR,brms,1
propMissAct_0.75,1.450111849416167,0.32829064209514863,0.7987813543823014,2.0964511160577697,2016-12-20T00:00:00Z,0.364620582783133,MAR,brms,1
propMissAct_0.75,1.4352215284950292,0.32546781621851334,0.8068778717485183,2.0723577264191126,2016-12-21T00:00:00Z,0.584347525364993,MAR,brms,1
propMissAct_0.75,1.4775172496647306,0.32260351855190866,0.8365167294876966,2.106720931104872,2016-12-22T00:00:00Z,0.523494209635502,MAR,brms,1
propMissAct_0.75,1.4397227993706818,0.32225178425257067,0.8256119532314989,2.0790443364358397,2016-12-23T00:00:00Z,0.590600885709447,MAR,brms,1
propMissAct_0.75,1.4677532775075592,0.324943716233087,0.8316972267647894,2.121044070974957,2016-12-24T00:00:00Z,0.352856725125781,MAR,brms,1
propMissAct_0.75,1.471858354815072,0.3244562632169104,0.8364867394779686,2.108688590001595,2016-12-25T00:00:00Z,0.638796268228445,MAR,brms,1
propMissAct_0.75,1.3666259839031987,0.33261466481658564,0.6928434356017132,2.01472535095007,2016-12-26T00:00:00Z,0.382867072316656,MAR,brms,1
propMissAct_0.75,1.0713291611052795,0.34576810450822365,0.39883424514258214,1.7565313632424222,2016-12-27T00:00:00Z,0.0373816518772108,MAR,brms,1
propMissAct_0.75,1.217596462680685,0.3332838033805099,0.5582943721800165,1.8581398464971157,2016-12-28T00:00:00Z,0.380477405644794,MAR,brms,1
propMissAct_0.75,1.2776883290587733,0.33333644615197505,0.6122737412155571,1.937493952686143,2016-12-29T00:00:00Z,0.0899376035704571,MAR,brms,1
propMissAct_0.75,1.3310678197152142,0.32833848211870004,0.6740789882693451,1.9742508360831925,2016-12-30T00:00:00Z,0.459958607719185,MAR,brms,1
propMissAct_0.75,NA,NA,NA,NA,2016-12-31T00:00:00Z,NA,MAR,brms,1
propMissAct_0.78,1.2353092752205403,0.31456325391609,0.6186195007752298,1.8440046068936717,2016-11-30T00:00:00Z,0.0210691950931066,MAR,brms,1
propMissAct_0.78,1.1929981616865224,0.3195076222880059,0.5538635160281669,1.8236538396114403,2016-12-01T00:00:00Z,0.378646182477892,MAR,brms,1
propMissAct_0.78,1.2491240600832472,0.3139397314831885,0.6361929449680455,1.8664763091199774,2016-12-02T00:00:00Z,0.704274591016821,MAR,brms,1
propMissAct_0.78,1.314573945876312,0.3134348498783068,0.7003372457939138,1.9318217831003002,2016-12-03T00:00:00Z,0.465486802605711,MAR,brms,1
propMissAct_0.78,1.3457343855808264,0.3069339842614312,0.7443513041041541,1.9611455153906363,2016-12-04T00:00:00Z,0.399462914168786,MAR,brms,1
propMissAct_0.78,1.474574276595144,0.3028756256451909,0.8846328037146669,2.0722070505350616,2016-12-05T00:00:00Z,0.707736309903312,MAR,brms,1
propMissAct_0.78,1.4469839252799421,0.3023885390477162,0.8576422119737492,2.025666315739531,2016-12-06T00:00:00Z,0.676981656015052,MAR,brms,1
propMissAct_0.78,1.441975784497254,0.30892455531956253,0.8303173559099963,2.05822401930957,2016-12-07T00:00:00Z,0.651421657701972,MAR,brms,1
propMissAct_0.78,1.3449174439503453,0.30480143748973143,0.7475384666817296,1.9377095388567547,2016-12-08T00:00:00Z,0.452620201394598,MAR,brms,1
propMissAct_0.78,1.361634479326606,0.3089552435487406,0.7653078043162779,1.9675278475291071,2016-12-09T00:00:00Z,0.713630219522972,MAR,brms,1
propMissAct_0.78,1.4034583977670392,0.3048752635139323,0.8083827964882181,2.00695156168456,2016-12-10T00:00:00Z,0.685235312064148,MAR,brms,1
propMissAct_0.78,1.3921706942825438,0.30030194116069564,0.7995776902162076,1.9841381631487076,2016-12-11T00:00:00Z,0.399202048988361,MAR,brms,1
propMissAct_0.78,1.3781721234559103,0.30985379443950967,0.7699878903736803,1.987240815181312,2016-12-12T00:00:00Z,0.450831021651176,MAR,brms,1
propMissAct_0.78,1.499609191744029,0.30111325179431675,0.9167147078455934,2.0939506259022123,2016-12-13T00:00:00Z,0.653991463731387,MAR,brms,1
propMissAct_0.78,1.452904264040628,0.305976282453305,0.8464794454126312,2.048910812352748,2016-12-14T00:00:00Z,0.589519727153451,MAR,brms,1
propMissAct_0.78,1.5147939648751074,0.30563364286234734,0.9220557205715868,2.1163524519533174,2016-12-15T00:00:00Z,0.403866696016504,MAR,brms,1
propMissAct_0.78,1.3483665499425688,0.30875942581395943,0.7414042227333923,1.9579148951205907,2016-12-16T00:00:00Z,0.269401760261086,MAR,brms,1
propMissAct_0.78,1.3408311482179132,0.300900254343085,0.7329898558350109,1.9216157460131995,2016-12-17T00:00:00Z,0.316764261250687,MAR,brms,1
propMissAct_0.78,1.4801535133404837,0.30043435273560865,0.8947500526212706,2.076349362069639,2016-12-18T00:00:00Z,0.503715978970523,MAR,brms,1
propMissAct_0.78,1.5050921247684863,0.3043896715272389,0.9118714597095126,2.1215946548338516,2016-12-19T00:00:00Z,0.391838911292807,MAR,brms,1
propMissAct_0.78,1.4884790754847705,0.3029153954903417,0.8895296243901452,2.0834259288351924,2016-12-20T00:00:00Z,0.364620582783133,MAR,brms,1
propMissAct_0.78,1.472153950325608,0.30534556735656665,0.868515231887531,2.080296968594015,2016-12-21T00:00:00Z,0.584347525364993,MAR,brms,1
propMissAct_0.78,1.5074374150326315,0.30138782233586386,0.9183656829150479,2.093682007084319,2016-12-22T00:00:00Z,0.523494209635502,MAR,brms,1
propMissAct_0.78,1.4754723083925103,0.3066376832908421,0.8642555467591077,2.0807917881071853,2016-12-23T00:00:00Z,0.590600885709447,MAR,brms,1
propMissAct_0.78,1.5052605988022338,0.3029004503680641,0.915052570842423,2.104043334556346,2016-12-24T00:00:00Z,0.352856725125781,MAR,brms,1
propMissAct_0.78,1.5048073382391358,0.30369182102752496,0.9093363895798441,2.0974419818399146,2016-12-25T00:00:00Z,0.638796268228445,MAR,brms,1
propMissAct_0.78,1.4259087667435761,0.3040774566254377,0.8297224364514784,2.0398391079523983,2016-12-26T00:00:00Z,0.382867072316656,MAR,brms,1
propMissAct_0.78,1.1893491927498347,0.3230105660328,0.5454578720659948,1.8219487423152387,2016-12-27T00:00:00Z,0.0373816518772108,MAR,brms,1
propMissAct_0.78,1.3038523698070055,0.3131950679111284,0.689464516938969,1.9196421471757659,2016-12-28T00:00:00Z,0.380477405644794,MAR,brms,1
propMissAct_0.78,1.3550990889198742,0.31023806048591207,0.7432723396713701,1.9691979755700915,2016-12-29T00:00:00Z,0.0899376035704571,MAR,brms,1
propMissAct_0.78,1.3920386252778152,0.30608361509480236,0.8014813520054942,2.0002549945907075,2016-12-30T00:00:00Z,0.459958607719185,MAR,brms,1
propMissAct_0.78,NA,NA,NA,NA,2016-12-31T00:00:00Z,NA,MAR,brms,1
propMissAct_0.83,1.3932559276055565,0.28312763758652865,0.8261107904052398,1.9430143227327512,2016-11-30T00:00:00Z,0.0210691950931066,MAR,brms,1
propMissAct_0.83,1.3523259056745782,0.28393121406828514,0.7855975163418812,1.9165436282147257,2016-12-01T00:00:00Z,0.378646182477892,MAR,brms,1
propMissAct_0.83,1.3838917972458777,0.28693029684505494,0.8193029237776976,1.941435775669801,2016-12-02T00:00:00Z,0.704274591016821,MAR,brms,1
propMissAct_0.83,1.4285297905812178,0.2768657480207076,0.8949099643633963,1.9733619581506825,2016-12-03T00:00:00Z,0.465486802605711,MAR,brms,1
propMissAct_0.83,1.455244551344753,0.2775187499903616,0.9084351375591788,1.9933804231883712,2016-12-04T00:00:00Z,0.399462914168786,MAR,brms,1
propMissAct_0.83,1.5424222023057668,0.2707559591576851,1.0059736369623247,2.069694988655326,2016-12-05T00:00:00Z,0.707736309903312,MAR,brms,1
propMissAct_0.83,1.5127804419622588,0.27238157577363903,0.9793031985005675,2.038051801917216,2016-12-06T00:00:00Z,0.676981656015052,MAR,brms,1
propMissAct_0.83,1.5174932791709128,0.27521827065452725,0.9704923295189535,2.0494844129507266,2016-12-07T00:00:00Z,0.651421657701972,MAR,brms,1
propMissAct_0.83,1.4547486573875144,0.2774325988282769,0.9056465032330613,1.9871110641072829,2016-12-08T00:00:00Z,0.452620201394598,MAR,brms,1
propMissAct_0.83,1.459579346109177,0.2773246469477222,0.9151132023929737,1.9978420442166391,2016-12-09T00:00:00Z,0.713630219522972,MAR,brms,1
propMissAct_0.83,1.4831837870708042,0.2732476703276597,0.9456625544776184,2.029086627685676,2016-12-10T00:00:00Z,0.685235312064148,MAR,brms,1
propMissAct_0.83,1.4750346973577422,0.27350945372868984,0.9293335907674203,2.005899257128523,2016-12-11T00:00:00Z,0.399202048988361,MAR,brms,1
propMissAct_0.83,1.4618494948410292,0.2702486946988789,0.9358505188418085,2.0029543695985157,2016-12-12T00:00:00Z,0.450831021651176,MAR,brms,1
propMissAct_0.83,1.549239088989202,0.2719219918006209,1.0060219700879212,2.0812484121029438,2016-12-13T00:00:00Z,0.653991463731387,MAR,brms,1
propMissAct_0.83,1.5176815109340263,0.2723419877279937,0.9878287173176876,2.0472296607072242,2016-12-14T00:00:00Z,0.589519727153451,MAR,brms,1
propMissAct_0.83,1.5598850069493326,0.2716989072296762,1.0169923365383406,2.0870993468474723,2016-12-15T00:00:00Z,0.403866696016504,MAR,brms,1
propMissAct_0.83,1.4438589528813097,0.2739118877294939,0.9100937047160121,1.991392892328043,2016-12-16T00:00:00Z,0.269401760261086,MAR,brms,1
propMissAct_0.83,1.4429072017900586,0.27612221637445306,0.9013933415251102,1.9879865568138932,2016-12-17T00:00:00Z,0.316764261250687,MAR,brms,1
propMissAct_0.83,1.5301042684328834,0.27099569939124135,0.9917327184917185,2.055632517237451,2016-12-18T00:00:00Z,0.503715978970523,MAR,brms,1
propMissAct_0.83,1.5493940519295586,0.2747588692932222,1.0327131205611753,2.0872104073423263,2016-12-19T00:00:00Z,0.391838911292807,MAR,brms,1
propMissAct_0.83,1.541740142466852,0.27252425279152986,1.0087730312965635,2.078369998085317,2016-12-20T00:00:00Z,0.364620582783133,MAR,brms,1
propMissAct_0.83,1.5356777595913338,0.27481982835568525,1.0032142528587853,2.0808153084982917,2016-12-21T00:00:00Z,0.584347525364993,MAR,brms,1
propMissAct_0.83,1.5565464429605196,0.26924115174855656,1.0186574319143413,2.0836190007499202,2016-12-22T00:00:00Z,0.523494209635502,MAR,brms,1
propMissAct_0.83,1.5332978285577046,0.273443778433324,1.0090148458154864,2.0794876769419948,2016-12-23T00:00:00Z,0.590600885709447,MAR,brms,1
propMissAct_0.83,1.5491035985853354,0.2707956911651244,1.006611699156018,2.075242193570971,2016-12-24T00:00:00Z,0.352856725125781,MAR,brms,1
propMissAct_0.83,1.5531175287071928,0.271683857836256,1.0106860708183754,2.0875071753297187,2016-12-25T00:00:00Z,0.638796268228445,MAR,brms,1
propMissAct_0.83,1.5049137901293677,0.27404969452009376,0.9613147473437554,2.0470324156898534,2016-12-26T00:00:00Z,0.382867072316656,MAR,brms,1
propMissAct_0.83,1.3470024620696612,0.29011051693913387,0.7704481315591708,1.919656856635702,2016-12-27T00:00:00Z,0.0373816518772108,MAR,brms,1
propMissAct_0.83,1.4349756917962933,0.27904336121613127,0.8795176858811428,1.9812992918376298,2016-12-28T00:00:00Z,0.380477405644794,MAR,brms,1
propMissAct_0.83,1.4600656477054013,0.2816132999939052,0.9068844616153774,2.0245173705661323,2016-12-29T00:00:00Z,0.0899376035704571,MAR,brms,1
propMissAct_0.83,1.4800133976614165,0.2770127121508725,0.9257257706885873,2.0317920579030355,2016-12-30T00:00:00Z,0.459958607719185,MAR,brms,1
propMissAct_0.83,NA,NA,NA,NA,2016-12-31T00:00:00Z,NA,MAR,brms,1
